{"assets/Favorites.db":["assets/Favorites.db"],"assets/image/back.png":["assets/image/back.png"],"assets/image/logo1.png":["assets/image/logo1.png"],"assets/image/logo_amarelo.png":["assets/image/logo_amarelo.png"],"assets/image/placeholder.png":["assets/image/placeholder.png"],"packages/font_awesome_flutter/lib/fonts/fa-brands-400.ttf":["packages/font_awesome_flutter/lib/fonts/fa-brands-400.ttf"],"packages/font_awesome_flutter/lib/fonts/fa-regular-400.ttf":["packages/font_awesome_flutter/lib/fonts/fa-regular-400.ttf"],"packages/font_awesome_flutter/lib/fonts/fa-solid-900.ttf":["packages/font_awesome_flutter/lib/fonts/fa-solid-900.ttf"]}